"","MS01","MS02","MS05","MS07","MS08","MS09","MS10","MS11","MS13","MS14","MS16","MS17","MS19","MS20","MS21","MS22","MS23","MS24","MS25","MS26","MS27","MS28","MS29","MS30","MS32","MS33","MS34","MS37","MS38","MS39","MS40","MS42","MS43","MS45","MS47","MS50","MS51","MS54","MS55","MS57","MS58","MS59","MS63","MS65","MS66","MS67","MS68","HD15","HD19","HD20","HD21","HD22","HD23","HD24","HD25","HD26","HD27","HD28","HD29","HD30","HD31","HD32","HD33","HD34","HD35","HD36","HD37","HD38","HD39","HD40","HD41","HD42","HD43","HD44","HD45","HD46","HD47","HD48","HD49","HD50","HD51","HD52","HD53","HD54","HD55","HD01","HD02","HD03","HD04","HD05","HD06","HD07","HD08","HD09","HD10","HD11","HD12","HD13","HD14","HD16","HD17","HD18"
"12DICHLORETHDEG-PWY: 1,2-dichloroethane degradation",-0.140619685105273,-0.140619685105273,-0.140619685105273,-0.140619685105273,-0.140619685105273,-0.140619685105273,-0.140619685105273,-0.140619685105273,-0.140619685105273,-0.140619685105273,-0.140619685105273,-0.140619685105273,-0.140619685105273,-0.140619685105273,-0.140619685105273,-0.140619685105273,-0.140619685105273,-0.140619685105273,-0.140619685105273,-0.140619685105273,-0.140619685105273,-0.140619685105273,-0.140619685105273,-0.140619685105273,-0.140619685105273,-0.140619685105273,-0.140619685105273,-0.140619685105273,-0.140619685105273,-0.140619685105273,-0.140619685105273,6.7542793397324,-0.140619685105273,-0.140619685105273,-0.140619685105273,-0.140619685105273,-0.140619685105273,-0.140619685105273,-0.140619685105273,-0.140619685105273,-0.140619685105273,-0.140619685105273,-0.140619685105273,-0.140619685105273,-0.140619685105273,-0.140619685105273,-0.140619685105273,-0.140619685105273,-0.140619685105273,-0.140619685105273,-0.140619685105273,-0.140619685105273,-0.140619685105273,-0.140619685105273,-0.140619685105273,-0.140619685105273,-0.140619685105273,-0.140619685105273,-0.140619685105273,-0.140619685105273,-0.140619685105273,-0.140619685105273,-0.140619685105273,-0.140619685105273,-0.140619685105273,-0.140619685105273,-0.140619685105273,-0.140619685105273,-0.140619685105273,-0.140619685105273,-0.140619685105273,-0.140619685105273,-0.140619685105273,-0.140619685105273,-0.140619685105273,-0.140619685105273,-0.140619685105273,-0.140619685105273,-0.140619685105273,-0.140619685105273,-0.140619685105273,-0.140619685105273,-0.140619685105273,-0.140619685105273,-0.140619685105273,-0.140619685105273,-0.140619685105273,-0.140619685105273,-0.140619685105273,-0.140619685105273,-0.140619685105273,-0.140619685105273,-0.140619685105273,-0.140619685105273,-0.140619685105273,-0.140619685105273,7.30768917079494,-0.140619685105273,-0.140619685105273,-0.140619685105273,-0.140619685105273,-0.140619685105273
"1CMET2-PWY: folate transformations III (E. coli)",0.102534722098869,-0.337748790023892,-0.132597948700084,1.10649802167556,0.365412999454316,0.324950023531444,-0.433046968933641,0.474868423210603,0.0870491903707029,0.862296979822778,0.541044377029066,-0.362352386678461,0.155495078403789,-0.120840949162008,0.255734336339362,0.965127212850232,0.549143376230721,0.676740655927656,0.523637096779291,0.0787680672476913,0.783942560481546,1.09340829661956,-0.011648736138992,1.2952738824959,2.05214609114413,1.56932386091399,2.67678296516463,0.0348621987842102,-0.217762007845663,0.0475219294967331,-0.429102778585793,-0.296471593717422,0.816450492143206,-0.0450544619475638,0.363486754985505,0.087522764950828,-0.526245446466005,0.163975528793368,0.555429279159598,-0.00890192638946699,-0.0914611682314286,-0.590841488293364,-0.454769737781652,-0.440308206965706,0.202341009391447,-0.668564104100343,-0.10782925174476,-0.200181648763793,-0.142045001712549,-0.244015912694026,-0.905883335354466,-0.810675701516933,-1.25874481383258,-1.21226958519244,-0.927812247707152,-1.1919453644415,-0.927657471209296,-1.31773297907808,-0.716094150627962,-0.971536368544426,-1.07314863990376,-0.0519282336554573,-0.661079579651738,-0.743169916114031,-0.871492227296101,-1.19055218566888,-0.869564222594309,-1.01754959854451,-0.784363336642496,-1.02588048128925,-0.121656098319378,-1.13264117864593,-1.09506980333566,-0.212614865282799,-0.828728722084676,-0.747806388722747,-0.710934543722371,-1.07478307272396,-1.35198790340732,-1.06882522836544,-1.02564658132429,-0.795947269793586,-0.938942272117022,-0.844733459340794,-1.21792145548103,1.63423762685215,2.09170469901352,1.38639334651886,0.385906556147578,1.21910180213904,2.63904356431102,2.93767619605863,1.80560903745803,2.08982654539524,1.21041530164334,0.779990184759064,0.240055047834696,1.27801894718663,1.5185766678902,-0.285348731355804,-1.83035336864007,-0.353511802299891
"3-HYDROXYPHENYLACETATE-DEGRADATION-PWY: 4-hydroxyphenylacetate degradation",-0.169937258438632,-0.169937258438632,-0.169937258438632,-0.169937258438632,-0.169937258438632,-0.169937258438632,-0.169937258438632,-0.169937258438632,-0.169937258438632,-0.169937258438632,-0.169937258438632,-0.169937258438632,-0.115136049091326,-0.169937258438632,-0.169937258438632,-0.169937258438632,-0.169937258438632,-0.169937258438632,1.97229037703068,-0.169937258438632,-0.169937258438632,-0.169937258438632,-0.169937258438632,-0.169937258438632,-0.169937258438632,-0.169937258438632,-0.169937258438632,-0.169937258438632,-0.169937258438632,-0.169937258438632,-0.169937258438632,0.608151419019954,-0.169937258438632,-0.14393870829356,-0.169937258438632,-0.169937258438632,-0.169937258438632,-0.169937258438632,-0.169937258438632,-0.169937258438632,-0.169937258438632,-0.0598533479113987,-0.169937258438632,1.29627942181299,0.134469522306317,-0.169937258438632,-0.169937258438632,-0.169937258438632,9.54481908998283,-0.169937258438632,-0.169937258438632,-0.169937258438632,-0.169937258438632,-0.169937258438632,-0.169937258438632,-0.169937258438632,-0.0493273556497786,-0.169937258438632,1.06977904783406,-0.169937258438632,-0.169937258438632,-0.169937258438632,-0.169937258438632,-0.169937258438632,-0.169937258438632,0.0229870407830577,-0.169937258438632,-0.169937258438632,-0.169937258438632,-0.169937258438632,-0.169937258438632,-0.169937258438632,-0.169937258438632,-0.169937258438632,-0.169937258438632,-0.169937258438632,-0.169937258438632,-0.169937258438632,-0.169937258438632,-0.068326115239838,-0.0599317942004051,-0.169937258438632,-0.169937258438632,-0.169937258438632,-0.169937258438632,-0.169937258438632,-0.113893469036196,-0.169937258438632,-0.169937258438632,-0.169937258438632,-0.169937258438632,-0.0164519842421501,-0.169937258438632,-0.169937258438632,-0.169937258438632,0.517752383918741,-0.0950025117402625,-0.169937258438632,-0.169937258438632,-0.169937258438632,-0.169937258438632,-0.169937258438632
"AEROBACTINSYN-PWY: aerobactin biosynthesis",-0.234944523381444,-0.234944523381444,-0.234944523381444,2.36646161732254,-0.234944523381444,-0.234944523381444,-0.234944523381444,-0.234944523381444,-0.234944523381444,-0.234944523381444,-0.234944523381444,-0.234944523381444,-0.234944523381444,-0.234944523381444,-0.234944523381444,-0.234944523381444,-0.234944523381444,-0.234944523381444,-0.234944523381444,-0.234944523381444,-0.234944523381444,-0.234944523381444,-0.234944523381444,0.106826276306518,6.49758981155819,-0.234944523381444,-0.234944523381444,-0.234944523381444,-0.234944523381444,-0.234944523381444,-0.234944523381444,-0.234944523381444,-0.234944523381444,-0.234944523381444,-0.234944523381444,-0.234944523381444,-0.234944523381444,-0.234944523381444,-0.234944523381444,-0.234944523381444,-0.234944523381444,-0.234944523381444,-0.234944523381444,-0.234944523381444,-0.234944523381444,-0.234944523381444,1.06360490910197,-0.234944523381444,-0.234944523381444,-0.234944523381444,-0.234944523381444,-0.234944523381444,-0.234944523381444,-0.234944523381444,-0.234944523381444,-0.234944523381444,-0.234944523381444,-0.234944523381444,-0.234944523381444,-0.234944523381444,-0.234944523381444,-0.234944523381444,-0.234944523381444,-0.234944523381444,-0.234944523381444,0.818066646256554,-0.234944523381444,-0.234944523381444,-0.234944523381444,-0.234944523381444,-0.234944523381444,-0.234944523381444,-0.234944523381444,-0.234944523381444,-0.234944523381444,-0.234944523381444,-0.234944523381444,-0.234944523381444,-0.234944523381444,0.713700020497254,-0.234944523381444,-0.234944523381444,-0.234944523381444,-0.234944523381444,-0.234944523381444,-0.234944523381444,-0.234944523381444,-0.234944523381444,-0.234944523381444,0.317352829761606,0.359934772470262,2.32367168465645,0.490864237832884,-0.234944523381444,-0.234944523381444,6.32187882194719,-0.234944523381444,-0.234944523381444,-0.234944523381444,-0.234944523381444,-0.234944523381444,-0.234944523381444
"ALLANTOINDEG-PWY: superpathway of allantoin degradation in yeast",-0.479427537914308,-0.479427537914308,2.14750809905276,-0.323629299907299,-0.479427537914308,-0.344050094702094,0.429790518079471,-0.479427537914308,-0.479427537914308,-0.479427537914308,-0.479427537914308,-0.378853712163705,0.236610550057448,-0.26317746970555,-0.479427537914308,-0.00704116233513463,-0.479427537914308,-0.27280457841224,-0.479427537914308,-0.339252361482164,7.59301316766424,-0.479427537914308,0.255949715389555,0.197806629968133,0.25828165832362,2.9464369385426,-0.114484364442117,0.212528850029892,0.160480606945162,-0.479427537914308,-0.479427537914308,-0.479427537914308,-0.479427537914308,0.0397654199116685,-0.141827443415625,1.94381363416113,0.169261443992625,-0.14310874223064,-0.163661528467219,1.91750362059201,0.148322340933872,0.0256218163535556,-0.479427537914308,-0.479427537914308,0.313025543516171,-0.392667302035543,-0.479427537914308,-0.138911805655081,0.0537741362036186,-0.479427537914308,-0.479427537914308,-0.479427537914308,-0.479427537914308,-0.375912378530021,-0.479427537914308,-0.479427537914308,-0.479427537914308,0.496418796218403,0.268719824196016,-0.479427537914308,-0.479427537914308,-0.479427537914308,-0.479427537914308,-0.097514585432768,-0.400951268984303,-0.479427537914308,-0.479427537914308,-0.479427537914308,-0.22512293153654,0.178113737332887,-0.126727347797164,-0.479427537914308,-0.479427537914308,0.282373232345884,-0.479427537914308,-0.0320219390942759,-0.479427537914308,-0.382792359079274,-0.479427537914308,-0.479427537914308,-0.479427537914308,-0.251849053908604,-0.121249493709444,-0.479427537914308,-0.479427537914308,-0.322209939016072,2.70154620571998,-0.479427537914308,0.182591098821564,0.870591004540872,-0.0449857462658373,0.909069704927472,0.480945503629265,0.271307693650876,0.164504399045858,0.647848514579223,-0.0758634925022809,-0.360154118590668,-0.479427537914308,0.394114912023239,-0.189121760355521,-0.252308906676617
"ANAEROFRUCAT-PWY: homolactic fermentation",-0.232260712824857,-0.306734533153346,0.888510093134058,0.980111688749023,1.4898333060057,0.974769904081804,-0.392541602480364,1.42477499988423,-0.144253797175693,0.0745329980833941,-0.385052612769139,-0.362377475379708,-0.0980933563654781,-0.294697280582818,0.585804810116471,0.590641165419744,-0.0162997368878283,0.28764473160104,0.39878124256788,0.0476290818042204,1.66928122636397,0.60604848776094,-0.0491886555775868,2.01509888882303,1.61585567651493,0.811238318847467,2.04261409785414,-0.603578950440467,-0.150998463807768,0.670836748216383,0.285717152122681,-0.331657111528073,-0.191495500237203,0.308159510568397,0.1066347227134,-0.271557134724058,-0.879444680056323,1.0112823961585,1.64640293633714,0.225874992701203,-1.04923222077813,-0.257893473427087,-0.521456513521413,-0.256768695477433,-0.187192270437541,-0.83876489810903,-0.714689945060838,-0.840919813711781,0.341595172753367,-0.261960924156164,-0.879549138083354,-1.24572962338109,-1.17994385410087,-0.938350324652358,-0.747113371578375,-0.997390649705974,-0.744822099969835,-0.735393683842556,-0.622631044040151,-0.816141654291812,-0.921324741305744,-0.0165998207199244,-0.906584329627172,-0.682826975109638,-0.882712852537464,-0.825047880059102,-0.57367124088065,-1.22317177226301,-0.691299217345544,-0.844253927456798,-0.520295863175744,-0.483616125449289,-1.047433384059,-0.795781185041173,-1.07426677718523,-0.860304549980918,-0.692563188856585,-0.849606102219749,-0.900991447769943,-0.560735085393607,-0.66982600910572,-0.775213590474676,-0.56195208499233,-0.717348340000785,-0.908995827236371,2.3277633253894,1.00172048945086,2.76168745582799,0.158166638989326,2.13240491827919,3.95670066273754,1.33689221265127,1.44291519806711,1.60489136639555,0.555769671738885,0.855729275699263,-0.213922582759265,0.402544230496835,0.368898527243621,-0.600334849259758,-1.26603926591246,-0.392863503655872
"ANAGLYCOLYSIS-PWY: glycolysis III (from glucose)",0.430040136956107,-0.0489805531322876,0.146579199724732,0.744356389035108,0.644338652186819,0.43539763834998,-0.209111563923699,0.746030754357652,0.251526042427514,0.672008948186263,0.419480373450132,-0.181712580624727,0.00905022903206843,-0.333760349542496,0.633229778151551,0.871857163757443,0.0339374851188767,0.738060663359147,0.145909566983792,0.00640524832943008,0.949776798211752,0.847326683923942,-0.0967541103358051,1.4932980407399,2.17392148395474,1.68733246184639,1.94079562836839,-0.195746193300249,-0.100326940239999,0.157112929852822,0.0107393437263786,-0.508560097432467,0.122870258431361,0.225593996437039,-0.0623653144719879,-0.00541217549302973,-0.951002974720517,0.270247582239178,0.649668270785953,0.0621037484102467,0.191193189855879,-0.450967342051599,-0.381206615626204,-0.44365100923838,-0.156867556941747,-0.847401900079802,-0.502746012899869,-0.655636972901404,-0.328089096266652,-0.374354488182717,-1.0698724883677,-0.881826749281663,-1.12047852950362,-1.01666128324607,-0.98648397428415,-1.10963186524424,-1.09888238547631,-1.08788819300448,-0.697318589424485,-0.868542113453384,-0.947647540112949,-0.0584667232786401,-0.802251043332851,-0.982854949605318,-0.896600766835405,-1.00816606278165,-0.724340053738437,-0.904041608345395,-0.791066778566161,-0.936092693125527,-0.69969154708391,-0.845703544406554,-0.963608104860148,-0.560794902303733,-0.966773856521385,-0.985439218827171,-0.733925469137797,-1.03658408478856,-1.15701639927143,-1.13097727573945,-0.936358856479102,-0.669263169973457,-0.855563401602415,-0.646321486612585,-1.1397614754654,2.22119907428908,1.80499269188532,1.73802455626222,1.10263097875666,1.73912041563549,2.80267047520266,3.08656073676036,1.94618980886109,1.53312288177216,1.32247135029905,0.966619978777341,0.154347956932158,1.3235592414819,1.0946903347994,-0.452248793287639,-1.64472773205628,-0.297861611074482
"ARG+POLYAMINE-SYN: superpathway of arginine and polyamine biosynthesis",0.710247764616506,-0.582938249058561,-0.149698346051675,-0.0855653720192667,-0.613579836934715,-0.188604238753252,-0.449927293771028,-0.0971319311468821,-0.681939621445749,-0.0641655054846212,-0.0736932200054598,-0.724836312276114,-0.851274836689385,-0.707482997152545,0.217961807669847,-0.376540985194158,0.687099058406474,0.557747173617817,1.00164240505832,-0.0539160724483167,5.18692985994347,1.26322701883929,-0.450209219191378,0.0103263357018267,3.00977985653841,0.834944583526756,0.22204418899873,0.407663263031547,-0.202412667043654,-0.490079168490687,-0.551416503611503,0.16863136812903,-0.65085906517195,-0.187362901059884,-0.675143683080534,0.91589675932214,-0.375442608384094,-0.171096359934577,0.162116347702705,-0.129697690782923,-0.064438765144977,-0.0477740100999503,-0.504343639272068,0.990551405219444,0.211565244404476,-0.458807496606992,-0.166519051834334,-0.81962683744163,3.63721915235922,0.943286473709984,-0.987565091471594,-0.567061293638138,-0.86631080220989,-0.601224929389537,-0.631901937574533,-0.594731911889942,-0.147487573620809,-0.307823820497386,0.568084633438054,-0.459420722214133,-0.604690219150421,-0.511531825878438,-0.216893640060423,-0.175675654301855,-0.194684773829909,0.0547059580792333,-0.415905656301229,-0.847707796824735,-0.220248617916491,-0.773152296884017,-0.388833847529958,-0.736972322319784,-0.888422295182955,-0.637155265068992,-0.867274808610929,-0.563798686366189,-0.510182535417836,0.0924529711962602,-0.31059495311155,-0.734593124819064,-0.394977590254468,-0.635073419340284,-0.791218441280388,-0.1831999111803,-0.0338992383335797,-0.754175411397225,0.170369947390458,-0.986979253843207,-0.276406332050897,0.0967495835891952,1.42642056778942,3.16980955705513,0.097662171085351,0.563820485017666,1.67387981860175,1.14012971868985,0.435162118818377,2.45390218201762,-0.0880507494297585,-0.82224496312092,-0.966130439088719,-0.741303142580978
"ARGDEG-PWY: superpathway of L-arginine, putrescine, and 4-aminobutanoate degradation",-0.203582460571799,-0.203582460571799,-0.203582460571799,0.284165788635552,-0.203582460571799,-0.203582460571799,-0.203582460571799,-0.203582460571799,-0.203582460571799,-0.203582460571799,-0.203582460571799,-0.203582460571799,-0.203582460571799,-0.203582460571799,-0.203582460571799,-0.203582460571799,-0.203582460571799,-0.203582460571799,3.41446907415705,-0.203582460571799,-0.203582460571799,-0.203582460571799,-0.203582460571799,-0.203582460571799,2.48256914013978,-0.203582460571799,-0.203582460571799,-0.203582460571799,-0.203582460571799,-0.203582460571799,-0.203582460571799,1.66197787369895,-0.16606043015489,-0.137083590030469,-0.203582460571799,-0.203582460571799,-0.203582460571799,-0.203582460571799,-0.203582460571799,-0.203582460571799,-0.203582460571799,-0.0887923993843257,-0.203582460571799,0.265850384010877,0.256674981273046,-0.203582460571799,-0.203582460571799,-0.203582460571799,8.68016679292556,-0.203582460571799,-0.203582460571799,-0.203582460571799,-0.203582460571799,-0.203582460571799,-0.203582460571799,-0.203582460571799,0.0235084955893996,-0.203582460571799,1.08015556079052,-0.203582460571799,-0.203582460571799,-0.203582460571799,-0.203582460571799,-0.203582460571799,-0.203582460571799,-0.164109391284074,-0.203582460571799,-0.203582460571799,-0.203582460571799,-0.203582460571799,-0.203582460571799,-0.203582460571799,-0.203582460571799,-0.203582460571799,-0.203582460571799,-0.203582460571799,-0.203582460571799,-0.203582460571799,-0.203582460571799,-0.203582460571799,0.115691020058552,-0.203582460571799,-0.203582460571799,-0.203582460571799,-0.203582460571799,-0.203582460571799,-0.0411304781210926,-0.203582460571799,-0.203582460571799,-0.203582460571799,-0.203582460571799,-0.203582460571799,-0.159961213129746,-0.203582460571799,-0.203582460571799,-0.203582460571799,-0.203582460571799,-0.203582460571799,-0.203582460571799,-0.203582460571799,-0.203582460571799,-0.203582460571799
"ARGININE-SYN4-PWY: L-ornithine biosynthesis II",-0.980865061969162,-1.39658416669668,-0.211831378945021,1.56337445902727,-1.38414865282762,-0.880962592440077,-0.165740256876187,-0.83642743110315,0.301854247377128,-0.418387567237282,-1.12803548078258,-0.819181528898135,0.558664201440448,-0.139449250753421,-1.34480404917637,-0.543326002754664,1.2601631137799,-0.0465665206066655,1.15334122126849,1.6032253943842,2.34246961594458,-0.424981120871092,-0.134656051147505,0.474060147771217,0.603003822554823,1.89905780360622,3.02066770553254,0.403300798810595,-0.772613234388175,-1.25122052198186,-0.780782002792441,0.543827378429737,2.74188802281737,-1.12731863478088,0.738495986811213,0.18260388392845,-0.117382389473347,-0.694579060148701,-1.26601828868154,0.131421292213151,-1.21352157486111,-1.00291325935152,-0.250691806003753,1.57013206562205,2.16660063226659,-0.338103996107359,0.779203477220516,0.805990619683959,0.480293622940161,-0.324788166563955,0.731946262783863,0.133421942341445,-0.942985994053388,-0.958196789963173,-0.00266050279559684,-1.14912705584818,0.0530446856855351,-0.700392849775758,0.228172767098298,-0.96204507763726,-0.593879143739109,0.743601579972439,-1.19757921585991,0.156155730406765,-1.17599409454134,-0.943959199271843,-0.539580493724261,0.168606668962671,-0.639782499109497,-0.169902947085096,-0.406356176928203,0.412215224260972,-0.368780394112525,0.869901039241,-0.0245397991988357,0.529634782691903,-0.147813536746213,-0.818839548343015,-0.631351183488962,0.423216596693112,-0.555553285454712,-0.364561194718067,-0.997068911673041,-0.410229937510181,-0.760211425298097,-1.08286285921702,1.97435128082603,0.0284831538378181,-0.245585258209624,0.0712651054317597,0.77533773669533,0.306257066755565,0.251705973548295,3.61999226594607,0.78967998088711,0.164792304694762,0.246099120807971,-0.559294354830239,-0.0726365652438906,0.671588586229392,-0.891395180304726,-0.364063846326761
"ARGSYN-PWY: L-arginine biosynthesis I (via L-ornithine)",0.599145462196748,-0.036798843835686,0.0927741349668492,0.826571003077741,0.990724839249914,0.983664335607929,-0.115660454732855,1.02632256897256,0.13313595375045,0.709083486265645,0.549432867435519,-0.520462271708811,-0.112904821194743,-0.32345090353104,0.991458990496832,1.09980503296603,0.143481046540573,0.481246333700637,-0.52878354238527,-0.41753677363857,1.09430826506855,0.848846731018546,0.0469943372477096,1.82535287400912,1.80654956244718,1.13090527143776,1.45039527821447,-0.373208263767529,-0.169271163424358,0.550887636952717,0.0780445703721458,-0.608706744259488,-0.303388231091266,0.258000820008649,-0.172012255332124,-0.0368696960858103,-0.668048635578216,0.594919081367187,1.01343094290393,0.201935841637698,0.211530909509188,-0.757780287073353,-0.45026036611925,-1.00278511858981,-0.721010924339753,-0.806640090094453,-0.840604711072935,-0.866314328756933,-0.427790774675882,-0.457640990589216,-1.09032862694542,-0.826911872356215,-0.980987311984453,-0.881483503875681,-0.746264039796313,-0.894569869179146,-1.16994213475934,-0.8684071624877,-1.00947056163254,-0.661961033734576,-0.893660640545144,-0.277473924151297,-0.453560896395174,-1.030235307632,-0.749110576664835,-0.757600404559847,-0.862713893318079,-0.965652950229897,-0.654227189625928,-0.905455487418201,-0.823722799927783,-0.968752802783158,-0.950651975634218,-0.619409505087992,-0.954874076752633,-0.924183593694143,-0.707624662808686,-0.968080677629275,-1.07661632582117,-1.04185043238093,-0.894776032240854,-0.612935981121825,-0.675927905353524,-0.591675553426795,-1.01154308191781,2.17470694612467,1.33339109864366,2.20695142189693,1.336899647881,2.55359723109224,2.56737336136359,2.40564822601213,1.88196744239258,1.26776530980726,1.11701301332292,0.943619103706646,0.180247104971243,1.09666360724439,1.89575892045477,-0.637315036896072,-1.54405490230659,-0.298607687383701
"ARGSYNBSUB-PWY: L-arginine biosynthesis II (acetyl cycle)",0.627385019423052,0.00290130450099997,0.17354803830926,0.769843041745525,1.02200331500053,0.970826895535252,-0.0900275615243464,1.03693749089197,0.1131537480331,0.73723415678896,0.564202162621724,-0.559667457538993,-0.149541520017937,-0.34163752097451,1.05973974032187,1.09690700931807,0.11106273101626,0.474663111146694,-0.557480577286179,-0.446478271650833,1.21734505871728,0.907921164578901,0.0253043107235421,1.72738348104061,1.79151612594637,1.07294913172439,1.42033911656687,-0.419911511598214,-0.111625131547467,0.557750103718898,0.0670485252333743,-0.684184639489363,-0.39735311653094,0.321348427665566,-0.187326609263694,-0.000715024769858193,-0.696781855420298,0.624509527224128,1.03806095773891,0.177332607272834,0.301144585386813,-0.764673456457657,-0.445519275146328,-1.02603371110698,-0.765437119516768,-0.794403690456103,-0.883157733025558,-0.91500506469844,-0.410338836637394,-0.459038212313585,-1.09511611921217,-0.81444368303006,-0.932203748566609,-0.864525027004015,-0.73876773669483,-0.916473462815901,-1.16524633817019,-0.849849333845782,-0.99949913326491,-0.607723422262027,-0.903104444094205,-0.292625163771798,-0.492198115802277,-1.01993560006186,-0.777026144035013,-0.696253517794401,-0.84944856883619,-0.968738247588909,-0.625157093803816,-0.900393054711227,-0.857561563813711,-0.935914437782883,-0.939780735419659,-0.644643823002206,-0.956132297727191,-0.922620630738779,-0.692897526404953,-0.95635045477759,-1.06312517018334,-1.04042059158135,-0.891790843537188,-0.592753983522543,-0.670403543071743,-0.576575695222069,-1.00009242428321,2.3085344369536,1.28197082791496,2.09598526560895,1.32165303414835,2.55922940901089,2.47494497585855,2.46257683644936,1.85978151634354,1.20768591179756,1.16310757835798,0.930642533999179,0.16815761540406,1.11157466603167,1.91587432693409,-0.669726682628885,-1.52154357662725,-0.324679990342284
"ARO-PWY: chorismate biosynthesis I",0.380585053473037,-0.145604303107552,0.146609320381041,0.885827849975519,0.934409010319753,0.644189604482205,-0.206894190751529,0.933542328706745,0.0900921530249722,0.724548155923798,0.50947782992653,-0.565519025088744,-0.0222071149064099,-0.213785462823534,0.568854360736314,0.832228774919657,0.19890028055866,0.574876252357272,-0.323626813302523,-0.243782940679233,0.494170623971106,0.906476709647565,-0.106043117901077,1.88664901014384,1.93766528958602,1.2860506059999,1.90779369149385,-0.205112584851015,-0.26495305424033,0.328126924459427,0.0198242727481273,-0.561232576881988,0.0772239479111576,0.109361200995271,0.0435923207156705,-0.0916435425681565,-0.773875187450393,0.645193791701642,0.968514551083015,0.129371214673622,0.218556105691417,-0.738807745902092,-0.331500859598099,-0.76202833676784,-0.331731865505215,-0.752559173758441,-0.481984074861546,-0.733975215335491,-0.469000001320967,-0.378573676059146,-0.972717029830687,-0.860778041382801,-1.1027939878097,-0.977357342495722,-0.809232356548029,-1.00118160446808,-1.12027291167535,-1.02533038663975,-0.928997355537838,-0.750501221798396,-0.906402662777018,-0.112092044934923,-0.591139057016762,-0.911266574875084,-0.753730475455451,-0.8873707722478,-0.892732780801952,-0.952905500558507,-0.740177043201963,-0.947492657735158,-0.634226425815017,-0.958327261293946,-0.977362649350271,-0.479558625704949,-0.920536311673272,-0.848530068698948,-0.726794212725074,-1.03212848001518,-1.14927292110854,-1.07506081395518,-0.888082955193744,-0.65106632708257,-0.766569573692634,-0.592907139794529,-1.09253542125496,2.08774757553033,1.34638358103107,2.46491041860976,1.15989696755281,2.44956049572897,2.62130278553813,2.79929717493722,1.65439545534108,1.68635959145399,1.01437322204514,0.867924302183954,0.159039522615888,0.925780850762372,1.71508641446563,-0.608959628874753,-1.59197761088398,-0.391960494833684
"ASPASN-PWY: superpathway of L-aspartate and L-asparagine biosynthesis",-0.375563923360179,-0.638972241935801,-0.2974983719589,1.21468814980533,-0.0702602791718489,-0.00395840392090898,-0.573721623476554,-0.0377106752630339,-0.0717966746925204,0.016665626359329,0.923801571099245,0.214050481455096,0.197008031857561,-0.546280049125239,-0.66835254073057,0.3647159254899,0.464521274769947,0.903834333258469,0.719197076341253,0.521418080062726,2.28953313928233,0.147081147534675,-0.224174749510412,0.555933858213711,1.87894331543551,1.63273419123926,3.02677766462403,-0.193725824957288,-0.907536275915135,-0.206514143138678,-0.563186984894493,1.38210857363947,1.97410697970807,-0.542424415140345,0.513499213964253,-0.264135305401616,0.106846029657191,-0.455044363957576,-0.195213534494722,-0.109724406411977,-0.154795360331596,-0.452053749322255,-0.560706641956634,0.995773867817322,1.20632342278264,-1.10067143666664,-0.376833731542282,0.404566102512366,1.19918430205349,-0.268256673678981,-0.360261383764453,-0.286745357256187,-1.44676139777446,-1.34412421049636,-0.671599891531064,-1.29013048240993,-0.692256970858887,-1.11505034192065,0.162792922570467,-1.14508737706199,-1.11463251241737,0.241127590261211,-1.48555667121771,-0.359253443952452,-0.454628708678775,-1.43212714250028,-0.83739094923151,-0.67434850278589,-0.963880169794999,-0.576448202622326,-0.366442525526982,-0.454602954534056,-0.928363292184185,-0.37389775742486,-0.390564267108225,-0.389672255780246,-0.373311658537711,-0.811761375345122,-1.3540854566952,-1.01604911508486,-0.921600403456978,-0.615568890006609,-0.500698662508058,-0.417317540272021,-1.11517850658265,1.16308759816214,2.09259467866993,0.715495453496758,-0.317110201165093,1.3773695163731,2.47461096005,2.39734168945923,0.827178756247703,2.94045148846981,0.609557231236314,0.6304639649316,0.134234565063008,0.732032608322908,-0.172717700343461,-0.560883199583568,-1.68566888847182,-0.476760634434166
"AST-PWY: L-arginine degradation II (AST pathway)",-0.249035889985966,-0.249035889985966,0.15549361281659,0.145986488196369,-0.249035889985966,-0.249035889985966,-0.22170593656704,-0.249035889985966,-0.249035889985966,-0.217036044539445,-0.249035889985966,-0.249035889985966,-0.22236449477595,-0.237388500623924,-0.249035889985966,-0.249035889985966,-0.249035889985966,-0.249035889985966,1.77825548129794,-0.249035889985966,8.03279136870925,-0.249035889985966,-0.249035889985966,-0.233946006149923,0.483657628664349,-0.185193955829784,-0.249035889985966,-0.249035889985966,-0.249035889985966,-0.249035889985966,-0.237044790694554,0.702960187923026,-0.233039335624156,-0.113177513047675,-0.249035889985966,-0.249035889985966,-0.249035889985966,-0.1661578172148,-0.249035889985966,-0.213715289605596,-0.249035889985966,0.197813832637727,-0.249035889985966,1.16060943693438,0.141515721323067,-0.249035889985966,0.0984415366822926,-0.249035889985966,4.9148658661053,-0.249035889985966,-0.249035889985966,-0.249035889985966,-0.249035889985966,-0.249035889985966,-0.249035889985966,-0.249035889985966,0.0539430143604646,0.00849380399153795,1.29952317561904,-0.22052157014906,-0.249035889985966,-0.249035889985966,-0.249035889985966,-0.249035889985966,-0.249035889985966,-0.109447390277993,-0.249035889985966,-0.249035889985966,-0.249035889985966,-0.249035889985966,-0.249035889985966,-0.249035889985966,-0.249035889985966,-0.249035889985966,-0.249035889985966,-0.226540422852984,-0.249035889985966,-0.212913033786495,-0.249035889985966,-0.147700561325721,-0.213313701101292,-0.249035889985966,-0.249035889985966,-0.249035889985966,-0.249035889985966,-0.249035889985966,-0.107273229915044,-0.249035889985966,-0.249035889985966,-0.0463773944153351,-0.210095617276898,0.524386426334291,-0.219919196400864,-0.232112287837956,-0.249035889985966,0.422500166035774,-0.204992588503081,-0.249035889985966,-0.249035889985966,-0.249035889985966,-0.249035889985966,-0.249035889985966
"BIOTIN-BIOSYNTHESIS-PWY: biotin biosynthesis I",-1.17882701004883,-1.27402314971546,-0.120512674594561,1.25170989948962,-0.713762915481379,0.201007541190464,-0.521619865987669,0.208882899319726,-0.0414511498737804,-0.103130067824205,-1.27044150320884,-0.884070999643665,0.0784732887038499,-0.452520095246437,-0.968662376626305,0.0504334418287248,1.13248900026128,0.726539736434492,1.23477609598167,-0.0652652579247085,2.5959719805655,-0.470626233216092,-0.184387936939238,1.82640340046172,1.59234945741068,2.3062295638544,1.66670932906771,0.305620135121753,-0.952544119036935,-0.555605710661039,-0.342489351288929,0.94613863144009,-0.908651133444418,-0.434762766738159,0.81922047001918,-0.0122056120227698,-0.483696935190558,0.0986908619721289,-0.598627648807544,0.368947954951207,-1.30646134647265,-0.263877482064929,-0.941962285684119,1.59307376009004,2.1885204892867,-0.241417250817865,0.613435116932472,0.705926999354687,1.75966153292802,0.056197589976428,-0.240907826615829,-0.427660560184156,-1.08516577420382,-0.89681449620528,-0.202944903209589,-1.16758266630407,0.356059202782521,-0.73354518012148,1.15586934710278,-0.7431581206359,-1.03229810715168,-0.0552955791999054,-0.605565464313969,-0.0455788296609053,-1.30139203132388,-0.869222468270636,-0.870913339376054,0.0437626235393003,-0.8071873953471,-0.265578244813644,-0.254304212093087,-0.287788161696025,-0.486861447811419,-0.401977663011475,-0.211579336644478,-0.00929720911319698,-1.29263608939511,-1.09493309265143,-1.14690832616804,-0.436514389005268,-1.15740841535868,-0.322648612498825,-0.70759846342917,-0.691565458485867,-0.896862038811658,-0.527050460343864,2.27032416129394,1.14576641493844,-0.260547200027565,1.19142651916863,2.88038805826065,2.21799915527068,0.877708672345342,1.5432392753649,0.786279016610712,1.09835780949936,-0.540896918394798,-0.656243398487934,0.0589009367008796,-0.187371787438748,-1.35218617279843,-0.387897650356647
"BRANCHED-CHAIN-AA-SYN-PWY: superpathway of branched chain amino acid biosynthesis",0.19207495056597,-0.105441515341399,0.337259841472947,0.891030415617392,1.31952292413364,1.04193816754933,-0.337113636484895,0.95891816515616,-0.205283199407757,0.608584576415671,0.375446685214652,-0.405683686210714,-0.422805024532309,-0.522599984678508,0.812754810421108,0.947969699897281,0.0851547967432469,0.562715935766846,-0.014482508088146,-0.160101335402315,1.19531971007729,0.511027422182931,-0.167951841937132,2.05769768159572,1.4279616674782,0.927312849663338,2.1807901650939,-0.356519830722183,-0.2761027073973,0.190097471052792,-0.0310575223825834,-0.342097073385364,0.0713571789514542,0.152364943600326,0.102341503306011,-0.100387474112613,-0.591464975791717,0.692613647611307,1.44626254112992,0.141435266079342,0.100895562763445,-0.305534000569634,-0.591790654893667,-0.725338400434579,-0.122732900667635,-1.00600551824036,-0.975054543206225,-0.69560992752247,-0.259769655383653,-0.347656230222729,-0.856516338410185,-0.764025015303739,-1.07592581086609,-1.08390061578556,-0.824000453968794,-1.14923366016179,-1.06787266549412,-1.01443425595691,-0.799847764587922,-0.849458113397554,-0.854316222266226,-0.0888776200992583,-0.669248459527611,-0.849254043563674,-0.727236208090074,-0.973782218852424,-0.774020602735297,-1.01379808822264,-0.864795380952868,-0.82310748662956,-0.524344625789718,-0.915233655501032,-0.92963171307698,-0.550512413553323,-0.851118435167181,-0.742790463063496,-0.747935102894657,-0.983642979194628,-1.05242904676924,-0.905885707840925,-0.845245608115576,-0.711971848188344,-0.582025434610537,-0.60307578772631,-1.12119570153202,2.1472647006978,1.20880173737302,2.62980456835222,0.355326845683172,2.6219679616394,3.04495158053738,2.30223509881401,1.92971950165187,1.57893982517933,1.05192993331397,0.856288272599429,0.107296204789697,0.769761465821012,0.827574207289467,-0.607989900270646,-1.51334365577105,-0.38210323232822
"CALVIN-PWY: Calvin-Benson-Bassham cycle",0.359034402442147,0.0506611729665405,0.183759624252916,0.488538328366463,0.952221835268934,0.6000496397613,-0.28954495428022,0.865292481089232,-0.0481932042177559,0.830154901220642,0.797631781191291,-0.448375233610503,-0.133620410475052,-0.293088495013427,0.93565343681937,1.0872320109722,0.21920272536031,0.667012232400524,0.32972643223784,-0.210599339234485,1.71750626091891,0.960076482697237,-0.411677765724094,0.222454032082807,2.10640536909703,1.1780853270139,2.14530453575195,-0.370851366643794,-0.156055176426944,0.132291753015114,-0.0688668857938468,-0.487308424009671,-0.113233297916927,0.3983552215303,0.134439607120153,0.0952398211929929,-0.929072727627136,0.426479517625351,0.791383741196286,0.0177729198298756,0.452035437351101,-0.726200951620247,-0.330291186707358,-0.710621113885416,-0.413734002916716,-0.903619938491164,-0.580027244326645,-0.753551597864699,-0.0767510173870368,-0.248472094563679,-1.12519665805434,-0.702987208850742,-1.06158833260673,-1.11534188652719,-0.822596959218723,-1.05833289455705,-0.902593736329352,-1.01799020993344,-0.688628039183936,-0.753854707084884,-0.968908500844823,-0.287004993483904,-0.776154851862121,-0.953473614619265,-0.739837645016911,-1.04882902300804,-0.699329625814487,-0.952162757728165,-0.699520953505297,-0.78151286985176,-0.690073612393477,-1.03002584222415,-0.896428443769284,-0.423973032595926,-0.884120083093451,-0.981962148342798,-0.577201560686816,-0.953125413559808,-1.13896392402939,-1.16589470555821,-1.02670978722015,-0.529376080323595,-0.81422972844929,-0.520507740681161,-1.17169549580974,2.3745859025679,1.40130567358571,1.99302629847975,0.765276228259048,1.7461596016407,2.03268846435338,3.32608693900096,2.12091347210879,1.63195074594029,1.25717682919149,0.95904881138769,0.0289071208169774,1.3407698992667,1.18462624018517,-0.633617722511289,-1.73102188401927,-0.277994155471428
"CARNMET-PWY: L-carnitine degradation I",-0.204636383367947,-0.204636383367947,0.141846894207384,-0.204636383367947,-0.204636383367947,-0.204636383367947,-0.204636383367947,-0.204636383367947,-0.204636383367947,-0.204636383367947,-0.204636383367947,-0.204636383367947,-0.204636383367947,-0.204636383367947,-0.204636383367947,-0.204636383367947,-0.204636383367947,-0.204636383367947,0.0236398043328487,-0.204636383367947,6.8242314280127,-0.204636383367947,-0.204636383367947,-0.204636383367947,0.0770349274966985,0.128728689864239,-0.204636383367947,-0.204636383367947,-0.204636383367947,-0.204636383367947,-0.204636383367947,1.69615874302956,-0.204636383367947,-0.16052568683461,-0.204636383367947,-0.204636383367947,-0.204636383367947,-0.204636383367947,-0.204636383367947,-0.204636383367947,-0.204636383367947,0.320081920061649,-0.204636383367947,0.304170664500256,1.41098945263195,-0.204636383367947,-0.159438878510075,-0.204636383367947,6.74704063240828,-0.204636383367947,-0.204636383367947,-0.204636383367947,-0.204636383367947,-0.204636383367947,-0.204636383367947,-0.204636383367947,-0.204636383367947,-0.173092975841064,0.0859609134742653,-0.204636383367947,-0.204636383367947,-0.204636383367947,-0.204636383367947,-0.204636383367947,-0.204636383367947,-0.204636383367947,-0.204636383367947,-0.204636383367947,-0.204636383367947,-0.204636383367947,-0.204636383367947,-0.204636383367947,-0.204636383367947,-0.204636383367947,-0.204636383367947,-0.204636383367947,-0.204636383367947,-0.204636383367947,-0.204636383367947,-0.204636383367947,-0.204636383367947,-0.204636383367947,-0.204636383367947,-0.204636383367947,-0.204636383367947,-0.204636383367947,-0.0896835566544968,-0.204636383367947,-0.204636383367947,-0.204636383367947,-0.204636383367947,-0.138228175042294,-0.204636383367947,-0.204636383367947,-0.204636383367947,0.355177789138209,-0.204636383367947,-0.204636383367947,-0.204636383367947,-0.204636383367947,-0.204636383367947,-0.204636383367947
"CATECHOL-ORTHO-CLEAVAGE-PWY: catechol degradation to &beta;-ketoadipate",-0.152583712967526,-0.152583712967526,-0.152583712967526,-0.152583712967526,-0.152583712967526,-0.152583712967526,-0.152583712967526,-0.152583712967526,-0.152583712967526,-0.152583712967526,-0.152583712967526,-0.152583712967526,-0.152583712967526,-0.152583712967526,-0.152583712967526,-0.152583712967526,-0.152583712967526,-0.152583712967526,-0.152583712967526,-0.152583712967526,-0.152583712967526,-0.152583712967526,0.441675875470632,-0.152583712967526,0.363773065784955,-0.152583712967526,-0.152583712967526,-0.152583712967526,-0.152583712967526,-0.152583712967526,-0.152583712967526,-0.152583712967526,-0.152583712967526,-0.152583712967526,-0.152583712967526,-0.152583712967526,-0.152583712967526,-0.152583712967526,-0.152583712967526,-0.152583712967526,0.821273685299353,0.901234514671415,-0.152583712967526,-0.152583712967526,0.264972236588502,-0.152583712967526,-0.152583712967526,-0.152583712967526,1.5552763482464,-0.152583712967526,-0.152583712967526,-0.152583712967526,-0.152583712967526,-0.152583712967526,-0.152583712967526,-0.152583712967526,-0.152583712967526,-0.152583712967526,9.71758838081984,-0.152583712967526,-0.152583712967526,-0.152583712967526,-0.152583712967526,-0.152583712967526,-0.152583712967526,-0.152583712967526,-0.152583712967526,-0.152583712967526,-0.152583712967526,-0.152583712967526,-0.152583712967526,-0.152583712967526,-0.152583712967526,-0.152583712967526,0.277074912066349,-0.152583712967526,-0.152583712967526,-0.152583712967526,-0.152583712967526,-0.152583712967526,-0.152583712967526,-0.152583712967526,-0.152583712967526,-0.152583712967526,-0.152583712967526,-0.152583712967526,-0.152583712967526,-0.152583712967526,-0.152583712967526,-0.152583712967526,-0.152583712967526,-0.152583712967526,-0.152583712967526,-0.152583712967526,-0.152583712967526,-0.152583712967526,-0.152583712967526,-0.152583712967526,-0.152583712967526,-0.152583712967526,-0.152583712967526,-0.152583712967526
